age,income,employment_years,loan_amount,interest_rate,credit_score,home_ownership,loan_purpose,loan_status
59,34018,21.3,28005,14.18,716,MORTGAGE,HOME_IMPROVEMENT,0
49,41302,26.1,23760,19.65,595,MORTGAGE,EDUCATION,1
35,97506,21.4,6463,17.13,663,MORTGAGE,BUSINESS,1
63,71157,24.1,5912,18.46,647,OWN,EDUCATION,0
28,84917,10.2,5648,6.62,517,MORTGAGE,BUSINESS,0
41,122738,24.4,34623,24.03,793,OWN,HOME_IMPROVEMENT,0
59,126646,2.4,36634,21.77,694,MORTGAGE,HOME_IMPROVEMENT,0
39,113122,26.8,4112,21.1,650,MORTGAGE,EDUCATION,1
43,54519,16.4,23054,21.46,622,RENT,BUSINESS,1
31,126809,24.5,5492,23.65,686,RENT,PERSONAL,0
31,117487,13.6,23207,15.89,648,RENT,HOME_IMPROVEMENT,0
44,86819,19.3,16114,9.01,603,OWN,EDUCATION,0
56,110910,15.8,35285,17.34,742,OWN,EDUCATION,0
60,101324,21.9,17018,19.86,730,MORTGAGE,BUSINESS,0
44,35408,2.4,22386,19.76,705,OWN,EDUCATION,0
23,89379,1.8,18740,15.43,697,MORTGAGE,HOME_IMPROVEMENT,0
42,55053,7.4,9210,6.37,836,OWN,EDUCATION,1
22,39446,4.8,13743,12.42,586,OWN,EDUCATION,0
44,30922,26.2,7588,23.42,641,OWN,PERSONAL,0
64,128723,6.6,4311,16.69,816,RENT,PERSONAL,0
50,81356,29.3,23432,15.77,698,OWN,HOME_IMPROVEMENT,0
58,40789,10.1,34755,10.38,545,RENT,BUSINESS,0
22,127720,5.5,4321,12.37,787,RENT,PERSONAL,0
41,96656,23.7,16812,22.91,514,OWN,BUSINESS,0
53,74028,19.8,38383,18.33,543,MORTGAGE,HOME_IMPROVEMENT,0
32,94484,14.9,14146,20.75,668,MORTGAGE,PERSONAL,1
42,62154,16.7,14654,14.09,809,MORTGAGE,BUSINESS,0
64,112870,21.6,36820,17.6,543,OWN,PERSONAL,1
45,32336,6.9,1726,9.97,597,MORTGAGE,HOME_IMPROVEMENT,0
47,133677,29.9,4760,19.11,760,RENT,HOME_IMPROVEMENT,0
62,97779,29.2,23190,13.55,608,MORTGAGE,PERSONAL,0
48,49029,19.5,2875,13.85,782,OWN,BUSINESS,0
36,89201,6.0,24377,17.99,842,MORTGAGE,EDUCATION,1
35,62265,20.4,5033,23.73,603,RENT,EDUCATION,1
64,132916,2.2,39211,6.28,755,OWN,PERSONAL,1
23,142250,0.9,18373,21.49,705,MORTGAGE,BUSINESS,1
57,146553,7.7,4744,10.85,834,OWN,EDUCATION,0
27,73872,13.9,25995,13.88,542,OWN,HOME_IMPROVEMENT,0
41,76197,26.0,17977,5.44,744,OWN,BUSINESS,0
29,85180,21.8,33402,11.02,786,MORTGAGE,EDUCATION,1
59,53710,22.3,35542,15.05,772,OWN,BUSINESS,1
38,59486,12.8,11651,6.12,582,MORTGAGE,PERSONAL,0
24,101907,10.4,34703,14.82,609,RENT,BUSINESS,1
45,101895,11.1,14395,23.54,689,MORTGAGE,EDUCATION,0
34,94435,29.6,30808,7.11,787,RENT,PERSONAL,0
29,70631,1.2,37576,20.29,750,MORTGAGE,BUSINESS,0
46,131532,26.0,17715,13.19,711,OWN,HOME_IMPROVEMENT,0
22,50103,17.4,25306,18.1,790,MORTGAGE,EDUCATION,1
40,94772,13.2,20086,10.2,632,OWN,PERSONAL,0
48,44382,21.8,15376,8.19,700,RENT,BUSINESS,0
27,114291,14.6,6889,8.21,784,MORTGAGE,HOME_IMPROVEMENT,0
64,131195,26.2,38822,6.41,825,OWN,EDUCATION,0
28,33756,27.0,37636,8.71,594,RENT,HOME_IMPROVEMENT,0
55,50609,12.7,21584,18.28,777,RENT,BUSINESS,0
34,144074,8.3,35610,22.63,824,MORTGAGE,BUSINESS,0
37,46478,17.8,11058,21.28,718,RENT,PERSONAL,0
56,130978,27.4,10101,18.7,588,OWN,HOME_IMPROVEMENT,0
60,69666,6.3,13497,7.21,571,RENT,PERSONAL,1
24,105683,18.7,5658,10.78,746,RENT,EDUCATION,0
22,129097,18.9,12381,11.2,628,OWN,PERSONAL,0
26,130420,22.0,18154,10.0,711,RENT,EDUCATION,0
62,101315,3.9,20539,15.3,842,RENT,BUSINESS,0
24,107834,21.5,12777,15.71,595,RENT,BUSINESS,0
49,44153,27.3,35396,12.14,574,RENT,HOME_IMPROVEMENT,1
38,139415,5.4,31373,12.08,553,OWN,EDUCATION,1
46,106325,7.1,34154,21.57,843,RENT,BUSINESS,1
64,139701,29.1,7031,20.79,553,OWN,HOME_IMPROVEMENT,0
54,42999,5.4,28997,11.16,717,RENT,HOME_IMPROVEMENT,0
30,85318,25.6,7439,23.28,515,RENT,PERSONAL,1
56,30814,14.8,23785,24.06,598,RENT,HOME_IMPROVEMENT,0
34,145033,7.4,14392,11.53,519,RENT,BUSINESS,0
51,106077,26.1,29669,12.09,545,OWN,PERSONAL,1
35,120474,13.4,29939,15.11,692,OWN,EDUCATION,0
28,32443,15.4,3282,23.82,557,OWN,EDUCATION,0
34,105993,10.8,35624,22.53,610,MORTGAGE,BUSINESS,0
43,105916,17.8,25364,7.05,628,RENT,BUSINESS,0
60,103319,4.9,2998,12.85,836,RENT,PERSONAL,0
41,139777,11.7,32705,16.07,693,OWN,PERSONAL,0
36,47368,29.1,39244,15.06,839,MORTGAGE,BUSINESS,0
38,45328,7.7,10428,8.88,825,RENT,BUSINESS,0
44,86942,19.7,38437,22.18,507,OWN,EDUCATION,0
46,121751,9.8,13336,18.54,528,RENT,EDUCATION,1
45,129131,23.2,10342,21.76,611,RENT,EDUCATION,0
61,57306,3.9,8446,22.18,660,OWN,BUSINESS,0
49,115451,29.1,39392,19.97,630,OWN,HOME_IMPROVEMENT,0
35,69915,13.6,8461,13.78,687,RENT,BUSINESS,1
21,67219,7.1,35587,17.21,662,RENT,BUSINESS,0
45,110879,2.2,11516,8.21,696,OWN,EDUCATION,0
27,141939,5.1,14749,18.47,703,RENT,BUSINESS,0
29,94644,15.6,18514,8.59,711,RENT,PERSONAL,1
44,90279,10.1,36426,18.88,608,OWN,BUSINESS,0
21,83028,24.9,37268,9.59,775,RENT,BUSINESS,0
64,134263,12.9,25950,7.35,572,RENT,BUSINESS,0
28,30126,7.5,35888,8.31,666,MORTGAGE,BUSINESS,0
44,82329,18.5,37788,5.04,759,OWN,HOME_IMPROVEMENT,1
31,57632,21.2,11213,19.37,742,MORTGAGE,BUSINESS,1
37,137099,5.0,37027,19.65,774,MORTGAGE,PERSONAL,0
28,95310,5.0,29011,15.3,601,MORTGAGE,PERSONAL,1
55,139945,1.1,35591,8.23,672,RENT,BUSINESS,0
55,85176,22.1,18858,6.67,670,RENT,EDUCATION,0
53,149797,19.9,19626,5.38,640,MORTGAGE,HOME_IMPROVEMENT,0
25,116066,14.2,14467,8.31,687,MORTGAGE,BUSINESS,0
62,135500,25.3,4134,22.82,585,MORTGAGE,BUSINESS,1
59,74327,24.2,17743,9.83,551,RENT,BUSINESS,0
61,98904,17.6,16434,12.09,610,MORTGAGE,EDUCATION,0
48,33797,26.0,11233,7.11,841,MORTGAGE,EDUCATION,0
27,77882,6.2,2141,9.45,542,OWN,EDUCATION,0
29,43718,3.4,19019,15.38,710,OWN,HOME_IMPROVEMENT,0
28,64560,8.1,21384,17.16,699,RENT,PERSONAL,0
32,106589,1.7,37129,9.91,797,OWN,HOME_IMPROVEMENT,1
54,52116,15.9,23967,6.15,845,OWN,EDUCATION,0
53,66244,28.1,12172,12.82,739,OWN,PERSONAL,0
43,131721,1.2,17390,9.68,614,RENT,PERSONAL,1
44,31645,3.7,4267,9.39,525,OWN,EDUCATION,1
57,77523,13.6,27167,24.2,798,RENT,EDUCATION,0
55,147718,28.0,22312,17.33,576,MORTGAGE,HOME_IMPROVEMENT,1
64,49256,9.5,28840,16.14,636,OWN,EDUCATION,0
60,131376,15.2,19990,13.32,519,RENT,PERSONAL,0
42,130158,1.2,6906,13.58,710,OWN,BUSINESS,0
47,83173,4.5,18297,15.82,739,MORTGAGE,EDUCATION,1
55,67430,29.6,3011,18.93,538,RENT,EDUCATION,0
21,69282,29.0,12738,19.04,767,RENT,HOME_IMPROVEMENT,0
55,149719,0.1,29797,8.43,706,RENT,HOME_IMPROVEMENT,0
57,93374,28.6,12120,15.0,766,MORTGAGE,EDUCATION,1
34,98244,19.2,9767,13.24,653,MORTGAGE,PERSONAL,0
23,41694,26.0,23852,22.41,541,MORTGAGE,PERSONAL,0
21,86264,13.6,14703,17.63,510,RENT,BUSINESS,0
25,105060,15.5,1929,15.65,793,MORTGAGE,EDUCATION,1
46,127416,14.7,12951,7.31,597,OWN,HOME_IMPROVEMENT,1
34,87545,20.0,27039,17.11,774,MORTGAGE,PERSONAL,0
59,148195,4.2,30504,7.34,729,RENT,BUSINESS,0
47,69224,0.9,18438,11.74,719,OWN,EDUCATION,1
29,132516,9.2,6744,7.86,564,MORTGAGE,PERSONAL,0
35,127945,21.1,19284,18.84,731,OWN,EDUCATION,1
35,43224,6.1,8069,9.13,827,OWN,EDUCATION,1
46,70738,20.2,20799,12.84,551,RENT,PERSONAL,0
62,55150,29.1,34210,22.91,762,OWN,PERSONAL,0
33,93731,2.8,29226,9.09,766,OWN,PERSONAL,0
52,79688,20.2,5652,15.16,816,RENT,EDUCATION,0
59,129929,13.3,25323,13.39,823,RENT,EDUCATION,0
52,138618,26.0,8597,5.36,653,RENT,BUSINESS,0
24,103509,5.3,38226,20.86,639,OWN,HOME_IMPROVEMENT,0
50,38577,20.8,7591,6.38,550,OWN,EDUCATION,0
57,38070,25.1,26833,14.49,616,OWN,HOME_IMPROVEMENT,0
43,38666,28.3,12826,16.21,545,RENT,PERSONAL,0
59,87761,20.5,27417,17.57,808,MORTGAGE,EDUCATION,1
35,66368,14.9,19693,18.77,587,OWN,BUSINESS,0
63,36783,18.5,15138,10.07,707,MORTGAGE,BUSINESS,1
49,141530,26.1,3169,5.2,768,RENT,HOME_IMPROVEMENT,0
56,71914,17.1,19556,19.47,588,OWN,PERSONAL,0
33,100507,0.9,23052,15.71,617,MORTGAGE,HOME_IMPROVEMENT,1
52,109026,27.9,7313,21.72,553,OWN,PERSONAL,0
27,145893,20.7,9315,21.43,615,OWN,BUSINESS,0
42,141255,20.3,9036,21.87,617,OWN,HOME_IMPROVEMENT,0
48,140616,6.5,32778,14.7,759,MORTGAGE,BUSINESS,0
22,97526,19.8,28734,11.67,574,RENT,BUSINESS,0
62,100835,11.8,24173,20.83,804,OWN,PERSONAL,0
26,75765,19.5,31403,14.03,506,RENT,HOME_IMPROVEMENT,0
48,49956,3.2,1785,8.67,621,RENT,HOME_IMPROVEMENT,0
48,117895,19.7,7139,22.1,510,MORTGAGE,BUSINESS,0
64,76240,30.0,7344,22.65,847,MORTGAGE,BUSINESS,0
64,67148,1.4,19800,14.33,714,RENT,PERSONAL,0
40,124270,29.3,26372,6.51,778,OWN,EDUCATION,0
50,34757,12.2,21538,12.76,527,MORTGAGE,EDUCATION,1
31,49097,26.1,15973,21.07,734,OWN,BUSINESS,0
48,40395,23.5,6619,23.04,812,OWN,EDUCATION,0
45,46241,17.0,35704,9.07,525,OWN,EDUCATION,0
59,133892,22.2,37575,6.34,553,RENT,EDUCATION,1
53,57696,26.4,28716,22.55,528,OWN,EDUCATION,0
21,145654,12.1,4236,12.79,663,RENT,BUSINESS,1
47,100480,9.8,16848,15.84,769,RENT,EDUCATION,0
33,76163,20.0,3352,24.36,833,OWN,EDUCATION,0
61,49816,24.2,2932,6.33,534,OWN,PERSONAL,1
23,79840,22.9,11913,17.97,785,OWN,BUSINESS,0
59,132547,23.9,9556,6.48,847,OWN,HOME_IMPROVEMENT,0
26,82853,13.1,22300,12.51,772,RENT,HOME_IMPROVEMENT,1
28,54917,24.5,6498,21.08,707,OWN,PERSONAL,1
47,126731,3.6,11582,13.67,737,OWN,PERSONAL,0
29,51566,16.3,10569,24.94,592,RENT,BUSINESS,0
57,105452,0.2,5857,16.18,672,MORTGAGE,HOME_IMPROVEMENT,1
53,92823,9.7,1340,11.42,578,MORTGAGE,EDUCATION,0
62,50806,11.0,17766,9.4,609,RENT,PERSONAL,1
64,105520,11.9,27132,12.01,716,MORTGAGE,HOME_IMPROVEMENT,0
44,31759,20.9,9491,12.45,605,RENT,BUSINESS,0
35,71949,11.7,1138,6.37,546,OWN,EDUCATION,1
52,122374,13.5,1358,12.39,680,OWN,BUSINESS,0
52,32482,7.1,10714,14.28,563,MORTGAGE,PERSONAL,0
44,54442,11.2,20840,19.45,745,OWN,HOME_IMPROVEMENT,0
61,63719,6.8,35395,18.13,743,MORTGAGE,HOME_IMPROVEMENT,0
32,88066,2.2,31654,19.18,819,MORTGAGE,HOME_IMPROVEMENT,0
59,123501,18.1,26879,5.17,586,OWN,HOME_IMPROVEMENT,1
22,32079,20.0,16996,9.35,716,OWN,EDUCATION,0
23,32717,18.6,38772,18.23,506,MORTGAGE,EDUCATION,0
57,89676,13.9,27762,14.68,777,OWN,BUSINESS,1
37,57952,11.4,14283,5.11,836,RENT,EDUCATION,0
22,116444,25.9,20554,21.09,709,OWN,PERSONAL,0
22,72460,15.6,21219,20.46,668,OWN,PERSONAL,0
48,120397,14.4,35919,15.97,829,RENT,HOME_IMPROVEMENT,1
43,102847,0.8,10429,6.33,637,OWN,PERSONAL,0
57,123607,10.2,20218,20.33,805,OWN,BUSINESS,0
52,119106,11.4,13452,16.67,729,MORTGAGE,EDUCATION,0
53,48449,12.0,19951,20.64,807,OWN,EDUCATION,0
21,63536,17.4,2307,20.03,660,OWN,EDUCATION,0
39,94077,16.0,15852,21.06,500,RENT,PERSONAL,0
22,68258,18.2,26232,15.36,735,MORTGAGE,EDUCATION,0
64,78302,22.9,36428,7.81,687,MORTGAGE,HOME_IMPROVEMENT,1
46,58865,24.4,27485,18.42,503,MORTGAGE,HOME_IMPROVEMENT,0
52,36645,21.5,11238,17.41,631,OWN,HOME_IMPROVEMENT,0
26,149771,28.7,39975,19.85,717,MORTGAGE,PERSONAL,0
52,68000,0.5,2140,8.4,759,RENT,EDUCATION,0
24,56737,5.9,25842,8.9,500,MORTGAGE,PERSONAL,0
31,41485,0.2,27421,22.81,570,RENT,EDUCATION,0
37,68565,19.4,2708,20.0,677,MORTGAGE,BUSINESS,0
58,55522,26.9,4630,23.16,688,MORTGAGE,BUSINESS,1
44,149614,7.3,20595,20.17,790,RENT,PERSONAL,0
25,95155,27.8,11485,16.94,507,MORTGAGE,HOME_IMPROVEMENT,0
54,85168,1.8,29308,18.08,752,MORTGAGE,PERSONAL,0
26,82487,28.0,27086,22.78,791,MORTGAGE,HOME_IMPROVEMENT,0
42,42342,10.5,17859,16.58,743,OWN,EDUCATION,0
31,70806,3.0,8684,17.65,622,RENT,HOME_IMPROVEMENT,0
36,78770,14.6,26552,8.13,798,MORTGAGE,HOME_IMPROVEMENT,0
53,108623,7.7,2207,14.48,782,RENT,EDUCATION,1
29,133177,8.5,2960,19.33,531,RENT,BUSINESS,0
26,129785,9.2,1557,10.42,833,RENT,EDUCATION,0
36,105629,24.1,30689,9.05,645,MORTGAGE,PERSONAL,0
49,82603,16.2,14893,11.28,655,MORTGAGE,PERSONAL,0
23,142726,9.3,33272,9.83,515,RENT,PERSONAL,0
40,111974,18.3,1882,9.3,546,OWN,PERSONAL,1
56,135947,21.5,38529,13.5,750,RENT,PERSONAL,0
39,56399,8.2,39635,23.16,686,OWN,BUSINESS,1
46,115382,12.4,30535,15.14,530,RENT,BUSINESS,1
23,111244,3.7,13869,8.76,759,RENT,HOME_IMPROVEMENT,0
39,139575,5.4,8166,6.54,516,RENT,PERSONAL,0
40,145520,20.4,13982,18.92,538,MORTGAGE,EDUCATION,0
52,140904,5.4,39115,12.66,803,OWN,PERSONAL,0
27,106534,15.8,8269,21.44,538,OWN,BUSINESS,1
61,85106,21.3,29064,18.19,631,RENT,PERSONAL,0
53,142599,3.2,14527,20.92,529,MORTGAGE,BUSINESS,1
60,60678,17.0,3454,10.44,657,MORTGAGE,HOME_IMPROVEMENT,0
59,106218,7.7,21878,18.85,777,OWN,HOME_IMPROVEMENT,1
38,93230,28.9,13991,10.28,702,MORTGAGE,HOME_IMPROVEMENT,1
60,144684,14.5,3808,23.78,565,OWN,BUSINESS,0
21,104055,24.2,37593,17.73,607,OWN,PERSONAL,0
31,86373,16.5,37304,11.49,767,OWN,PERSONAL,0
48,61480,1.3,31386,10.39,721,MORTGAGE,EDUCATION,1
45,115230,19.0,4802,8.82,791,OWN,BUSINESS,1
43,98836,28.5,29753,18.89,517,OWN,EDUCATION,1
51,102258,18.0,22083,9.37,589,RENT,HOME_IMPROVEMENT,0
50,69986,24.6,19354,16.91,680,OWN,PERSONAL,0
62,54160,26.5,23190,10.29,754,OWN,BUSINESS,1
55,115595,6.8,7142,18.24,752,RENT,EDUCATION,0
27,131358,6.4,29398,21.3,756,RENT,EDUCATION,1
36,109111,18.3,34132,20.56,845,MORTGAGE,EDUCATION,0
46,94929,12.3,20503,20.22,586,OWN,PERSONAL,0
22,103506,25.2,35631,8.75,589,MORTGAGE,PERSONAL,0
21,64911,27.0,17499,6.77,736,MORTGAGE,PERSONAL,0
32,117127,10.6,9016,18.98,569,RENT,BUSINESS,0
25,61821,7.1,3384,12.37,543,MORTGAGE,PERSONAL,0
57,105039,23.4,16072,13.65,699,OWN,BUSINESS,0
52,90535,8.2,37703,5.62,651,RENT,EDUCATION,0
29,143453,24.7,15482,10.19,585,OWN,EDUCATION,0
61,114458,12.7,22826,5.67,518,OWN,HOME_IMPROVEMENT,1
55,42175,20.0,3490,22.58,600,RENT,PERSONAL,1
39,149235,2.9,26518,9.87,594,OWN,EDUCATION,1
36,84771,18.7,25045,16.15,753,RENT,PERSONAL,1
23,136660,13.6,27910,5.78,529,OWN,BUSINESS,0
40,116925,17.6,25566,18.34,748,RENT,EDUCATION,0
44,143374,5.0,34905,11.46,532,MORTGAGE,PERSONAL,0
53,96358,22.1,28103,22.96,728,OWN,EDUCATION,1
44,47327,25.9,37188,22.76,511,RENT,EDUCATION,0
31,77057,6.5,6845,11.51,617,OWN,PERSONAL,0
28,36150,2.9,22162,23.02,849,OWN,EDUCATION,1
56,34425,0.7,37674,24.92,654,OWN,EDUCATION,0
58,46032,19.3,20337,21.51,745,RENT,EDUCATION,0
60,32198,18.2,23313,21.9,831,MORTGAGE,EDUCATION,0
40,90500,16.4,27943,9.98,746,MORTGAGE,BUSINESS,0
55,83394,7.0,13413,16.53,528,MORTGAGE,EDUCATION,0
45,50079,11.7,1276,6.35,660,RENT,HOME_IMPROVEMENT,0
55,66220,17.8,18611,6.9,734,MORTGAGE,EDUCATION,0
45,71874,14.9,12944,24.98,689,RENT,PERSONAL,0
49,43859,29.6,16906,11.53,616,OWN,HOME_IMPROVEMENT,1
38,80460,4.1,21536,19.96,770,OWN,BUSINESS,1
38,61419,20.9,28810,21.13,757,MORTGAGE,HOME_IMPROVEMENT,0
22,148865,12.1,13306,22.16,679,RENT,HOME_IMPROVEMENT,1
55,38705,12.8,11503,24.95,671,OWN,HOME_IMPROVEMENT,0
36,72880,21.5,20225,9.83,773,RENT,PERSONAL,0
61,53236,20.8,37976,5.81,758,RENT,PERSONAL,0
56,117955,29.7,12590,13.22,634,OWN,PERSONAL,0
53,115514,3.9,11886,7.6,670,RENT,BUSINESS,0
24,133145,3.1,13866,5.45,709,OWN,PERSONAL,0
53,45358,21.7,2088,12.21,735,OWN,PERSONAL,0
34,129713,17.4,4363,20.67,685,OWN,HOME_IMPROVEMENT,1
41,124914,8.2,33792,16.32,594,RENT,PERSONAL,0
40,132870,2.4,10764,11.26,510,OWN,EDUCATION,0
28,106918,2.6,21620,18.09,567,RENT,PERSONAL,0
27,149179,26.8,13935,9.64,709,OWN,BUSINESS,0
23,146243,5.8,9068,5.29,695,OWN,BUSINESS,0
37,44596,9.7,8295,20.29,597,MORTGAGE,EDUCATION,0
53,63572,6.8,12390,17.47,592,MORTGAGE,BUSINESS,0
32,108757,10.6,21131,20.25,521,MORTGAGE,BUSINESS,1
42,31279,2.1,30218,5.78,671,RENT,HOME_IMPROVEMENT,0
42,93197,15.6,11433,21.74,633,RENT,EDUCATION,1
50,141496,2.0,16038,17.39,524,OWN,HOME_IMPROVEMENT,0
58,92516,24.0,29182,16.27,684,OWN,HOME_IMPROVEMENT,0
58,37083,7.0,12528,17.49,584,OWN,PERSONAL,0
28,139397,16.2,22281,22.29,554,OWN,EDUCATION,0
47,47771,26.4,9605,16.74,750,RENT,PERSONAL,0
47,59975,19.5,35782,16.62,643,OWN,PERSONAL,0
54,75648,16.0,2381,24.81,666,OWN,HOME_IMPROVEMENT,1
41,78285,9.7,2098,20.13,723,MORTGAGE,BUSINESS,1
50,49063,10.0,20810,13.85,719,OWN,EDUCATION,0
53,97642,20.1,25322,19.15,678,OWN,BUSINESS,0
48,120093,29.8,33955,12.78,618,OWN,HOME_IMPROVEMENT,0
53,144390,19.9,11207,9.58,764,RENT,HOME_IMPROVEMENT,0
25,116143,16.7,22793,16.94,649,MORTGAGE,HOME_IMPROVEMENT,1
39,67599,21.9,3092,23.56,714,OWN,HOME_IMPROVEMENT,1
24,81920,14.0,29220,23.58,696,OWN,HOME_IMPROVEMENT,1
55,58529,1.8,19514,11.84,541,MORTGAGE,HOME_IMPROVEMENT,0
37,65954,16.9,39010,15.55,552,OWN,BUSINESS,0
64,57856,28.7,9549,9.23,829,RENT,PERSONAL,0
48,32573,5.3,23031,24.91,750,OWN,BUSINESS,1
50,108344,20.7,6185,24.62,794,RENT,EDUCATION,0
49,65367,6.0,16271,17.99,770,RENT,BUSINESS,0
26,132337,16.1,6776,21.09,622,OWN,HOME_IMPROVEMENT,0
55,136732,2.9,13449,19.3,838,MORTGAGE,BUSINESS,1
61,129608,13.5,25297,16.86,765,RENT,PERSONAL,0
57,90774,22.7,16717,6.07,847,MORTGAGE,EDUCATION,0
44,53752,10.4,11350,14.1,528,OWN,BUSINESS,1
49,85029,19.9,31622,18.5,534,RENT,PERSONAL,1
51,47685,23.9,36323,18.55,505,OWN,BUSINESS,0
55,81693,27.8,3951,12.46,610,MORTGAGE,EDUCATION,0
53,146739,7.0,18622,23.83,793,OWN,BUSINESS,1
41,85961,12.0,5727,8.35,576,OWN,HOME_IMPROVEMENT,1
52,136937,4.6,39454,15.01,848,RENT,BUSINESS,0
43,106908,29.8,37469,18.82,646,OWN,PERSONAL,0
53,104532,27.8,36548,18.94,566,OWN,BUSINESS,0
23,111994,16.2,24782,17.97,507,OWN,PERSONAL,1
38,86133,25.3,29454,10.51,621,RENT,EDUCATION,0
45,127425,15.6,3368,8.12,839,MORTGAGE,BUSINESS,0
62,91268,18.7,16592,17.72,674,MORTGAGE,EDUCATION,0
51,122201,2.7,23173,16.99,678,OWN,EDUCATION,1
23,68243,22.7,34204,8.59,584,RENT,BUSINESS,0
60,87384,3.8,36596,19.1,544,OWN,PERSONAL,0
44,61653,24.8,35324,14.1,635,MORTGAGE,EDUCATION,0
52,56657,23.5,24864,18.36,842,RENT,EDUCATION,0
42,69952,21.3,31750,21.75,515,MORTGAGE,BUSINESS,0
43,52180,1.1,11576,8.39,832,MORTGAGE,BUSINESS,1
22,127432,9.1,17566,5.38,694,RENT,BUSINESS,0
47,108411,7.9,8190,20.58,508,RENT,BUSINESS,1
62,31622,10.8,24071,17.19,815,OWN,BUSINESS,0
22,78756,2.6,39333,18.99,833,OWN,HOME_IMPROVEMENT,0
46,70809,28.1,16369,21.76,832,MORTGAGE,BUSINESS,0
37,46725,16.6,25035,21.06,826,RENT,PERSONAL,0
60,91396,9.2,2589,24.22,514,RENT,EDUCATION,0
53,81226,11.9,26235,15.72,826,OWN,PERSONAL,1
29,136296,13.4,1159,14.77,601,MORTGAGE,PERSONAL,1
63,111182,18.0,13145,13.04,725,MORTGAGE,HOME_IMPROVEMENT,0
59,112565,15.5,16373,8.07,777,OWN,BUSINESS,1
49,59402,27.6,32921,16.45,612,RENT,EDUCATION,0
62,34263,14.9,17237,10.54,500,OWN,PERSONAL,1
46,126523,29.8,9244,23.43,765,OWN,BUSINESS,0
55,76828,25.5,15743,16.66,707,OWN,BUSINESS,0
45,77924,6.3,32566,16.86,609,OWN,HOME_IMPROVEMENT,1
44,104182,27.9,19691,12.1,699,RENT,HOME_IMPROVEMENT,0
33,123065,3.5,34996,6.04,805,OWN,HOME_IMPROVEMENT,0
27,89052,24.5,6590,5.63,511,RENT,EDUCATION,0
56,41664,11.4,6585,13.47,844,OWN,PERSONAL,0
40,65737,26.3,10227,6.69,687,MORTGAGE,HOME_IMPROVEMENT,1
21,131332,26.0,29278,17.14,653,RENT,HOME_IMPROVEMENT,0
28,119563,24.2,39814,22.62,833,MORTGAGE,HOME_IMPROVEMENT,1
36,59373,23.7,13237,22.66,778,OWN,PERSONAL,0
34,147369,9.1,16649,18.18,670,OWN,PERSONAL,0
32,66397,2.4,38713,9.22,633,OWN,HOME_IMPROVEMENT,1
43,116145,12.1,8927,22.26,524,RENT,HOME_IMPROVEMENT,0
35,131371,5.2,8016,22.72,517,MORTGAGE,BUSINESS,1
48,68709,20.8,15027,8.93,689,RENT,HOME_IMPROVEMENT,0
54,146074,10.4,25142,19.75,640,RENT,EDUCATION,0
22,91120,29.3,24545,10.73,542,OWN,EDUCATION,0
52,49250,19.2,32897,21.05,833,MORTGAGE,HOME_IMPROVEMENT,0
43,51172,24.7,4167,24.94,783,OWN,PERSONAL,0
42,41555,4.0,27917,5.6,645,RENT,BUSINESS,1
45,117410,25.9,23736,22.95,814,OWN,PERSONAL,0
42,108617,27.7,28990,17.45,818,MORTGAGE,HOME_IMPROVEMENT,0
42,83276,14.6,15087,24.47,591,OWN,EDUCATION,0
62,87492,18.2,23440,14.3,678,MORTGAGE,BUSINESS,0
26,83002,22.9,36205,21.95,555,MORTGAGE,PERSONAL,0
35,119599,5.2,16275,6.25,654,OWN,PERSONAL,1
63,102355,15.1,6276,11.71,659,RENT,HOME_IMPROVEMENT,1
57,121248,12.0,38496,6.34,610,OWN,BUSINESS,1
53,54762,4.4,20008,24.51,636,RENT,EDUCATION,1
28,41046,11.0,6738,21.34,731,RENT,HOME_IMPROVEMENT,0
64,126999,2.0,33402,22.05,719,OWN,BUSINESS,1
64,146021,0.8,6793,23.76,567,RENT,PERSONAL,0
25,58769,4.1,38291,6.7,801,RENT,HOME_IMPROVEMENT,0
59,83302,28.9,6571,12.71,748,OWN,PERSONAL,0
24,53150,16.5,32331,6.42,822,OWN,PERSONAL,0
26,98247,29.0,17209,9.22,505,OWN,HOME_IMPROVEMENT,1
52,34853,13.0,26394,9.59,779,RENT,HOME_IMPROVEMENT,0
50,124613,9.4,26682,14.38,593,MORTGAGE,HOME_IMPROVEMENT,1
55,119399,15.2,3224,10.37,768,RENT,HOME_IMPROVEMENT,0
60,51792,13.2,33441,7.02,696,MORTGAGE,HOME_IMPROVEMENT,0
36,89129,3.2,35716,8.35,524,OWN,PERSONAL,1
33,136019,19.2,27586,7.95,647,MORTGAGE,EDUCATION,0
62,104478,6.5,24478,24.46,617,OWN,EDUCATION,0
50,143811,18.6,7318,20.19,837,OWN,HOME_IMPROVEMENT,0
39,144130,19.5,29694,24.36,837,MORTGAGE,PERSONAL,0
37,97298,4.6,21180,13.79,565,OWN,EDUCATION,0
39,61987,1.8,13180,10.57,800,MORTGAGE,EDUCATION,0
48,45850,23.4,34002,20.97,674,OWN,EDUCATION,1
46,42112,13.8,16372,11.53,818,RENT,PERSONAL,1
57,54058,1.7,30796,10.99,575,RENT,HOME_IMPROVEMENT,1
46,75420,29.8,25427,9.65,613,OWN,HOME_IMPROVEMENT,1
43,68890,1.7,34290,7.59,610,OWN,HOME_IMPROVEMENT,0
29,96017,20.9,29099,10.13,748,MORTGAGE,BUSINESS,0
32,77304,29.5,10821,12.11,702,RENT,BUSINESS,0
21,62921,7.2,6832,18.48,646,MORTGAGE,BUSINESS,0
21,135921,4.3,13820,6.25,534,OWN,PERSONAL,1
54,31524,3.6,17211,9.21,808,OWN,EDUCATION,0
52,130424,9.1,6842,21.18,525,MORTGAGE,EDUCATION,0
45,45048,3.0,2316,7.94,737,OWN,PERSONAL,0
60,65111,20.8,18508,11.85,513,RENT,PERSONAL,0
21,67904,1.9,23005,22.29,544,MORTGAGE,HOME_IMPROVEMENT,0
36,84912,15.3,16206,8.1,715,RENT,HOME_IMPROVEMENT,0
59,64008,29.9,19971,6.65,732,RENT,BUSINESS,0
25,30060,24.4,26599,14.69,692,RENT,BUSINESS,0
42,104666,18.5,23056,11.05,550,MORTGAGE,PERSONAL,0
49,113559,9.2,2378,16.27,713,OWN,BUSINESS,0
23,85337,18.7,2519,21.08,650,RENT,EDUCATION,1
32,140616,15.8,23161,7.74,774,RENT,PERSONAL,0
46,43350,12.8,39861,16.61,837,RENT,PERSONAL,0
36,54354,3.9,6355,15.11,575,OWN,EDUCATION,1
57,75186,26.6,10083,7.88,719,OWN,HOME_IMPROVEMENT,0
42,58145,13.5,39342,17.48,847,MORTGAGE,HOME_IMPROVEMENT,1
49,64020,5.8,21456,10.47,686,OWN,EDUCATION,1
34,116123,11.0,14324,14.76,788,MORTGAGE,EDUCATION,0
48,136667,12.4,3257,6.65,527,MORTGAGE,BUSINESS,1
25,105186,24.8,28364,14.19,679,MORTGAGE,PERSONAL,1
50,115469,22.0,25972,11.13,752,MORTGAGE,BUSINESS,0
25,50581,23.1,27654,21.45,625,MORTGAGE,EDUCATION,0
32,118929,0.3,16233,6.14,676,RENT,BUSINESS,1
36,53051,12.5,16887,13.37,536,OWN,EDUCATION,1
46,81474,14.4,30320,14.17,598,RENT,BUSINESS,0
46,121748,0.6,21808,19.5,597,MORTGAGE,BUSINESS,0
41,144618,7.8,31154,16.49,626,OWN,HOME_IMPROVEMENT,1
59,99626,22.8,35773,18.34,667,RENT,EDUCATION,0
56,36960,4.1,28747,20.54,579,RENT,BUSINESS,0
53,65772,16.1,11860,22.24,793,MORTGAGE,PERSONAL,1
50,51520,6.5,19156,11.28,832,RENT,BUSINESS,0
57,79481,0.4,21360,15.76,625,RENT,BUSINESS,0
43,66408,7.2,19135,21.8,842,RENT,PERSONAL,1
30,124006,29.3,26351,24.79,809,RENT,EDUCATION,1
25,87134,24.0,31499,22.79,649,RENT,HOME_IMPROVEMENT,0
56,50491,28.8,24554,12.43,515,MORTGAGE,HOME_IMPROVEMENT,0
54,31341,14.6,20604,8.9,527,MORTGAGE,HOME_IMPROVEMENT,0
51,74623,3.3,17923,14.79,672,RENT,PERSONAL,1
30,120327,16.4,9547,19.83,545,MORTGAGE,BUSINESS,0
39,30338,13.6,34002,14.85,827,MORTGAGE,EDUCATION,0
52,101431,25.3,15562,14.66,735,OWN,BUSINESS,0
21,42254,2.9,8480,21.76,713,RENT,HOME_IMPROVEMENT,1
25,81860,14.6,27672,12.23,584,MORTGAGE,BUSINESS,0
24,41344,4.5,5213,22.2,781,MORTGAGE,PERSONAL,0
36,31750,9.7,11293,13.14,731,RENT,PERSONAL,0
44,84756,22.1,35441,11.56,584,OWN,EDUCATION,1
36,97957,14.3,3100,14.08,564,RENT,EDUCATION,0
22,135423,11.3,29172,20.25,633,OWN,HOME_IMPROVEMENT,0
48,88053,11.8,21132,7.52,650,RENT,EDUCATION,0
52,100855,13.8,19199,8.93,614,RENT,BUSINESS,1
47,45896,23.6,37609,24.03,563,RENT,PERSONAL,0
40,85761,26.8,9016,8.51,842,RENT,PERSONAL,0
44,92552,28.7,38261,16.35,657,OWN,PERSONAL,0
32,107454,23.6,32881,16.59,576,OWN,EDUCATION,1
55,148681,9.5,18058,14.79,645,MORTGAGE,PERSONAL,0
53,120600,20.6,25472,17.89,842,RENT,PERSONAL,1
53,142153,13.1,35926,9.6,724,OWN,PERSONAL,1
63,57935,7.6,35832,16.05,812,OWN,HOME_IMPROVEMENT,0
57,67641,25.2,37021,12.44,602,OWN,HOME_IMPROVEMENT,0
32,59711,1.2,25087,18.23,846,RENT,EDUCATION,0
23,100342,27.1,13828,7.82,800,MORTGAGE,PERSONAL,0
21,136896,13.8,32128,16.42,587,OWN,EDUCATION,0
53,42182,19.1,2401,8.71,802,RENT,PERSONAL,0
60,117833,19.8,20643,10.57,667,OWN,PERSONAL,1
30,86276,26.9,16193,9.37,669,OWN,PERSONAL,0
63,49541,19.1,27853,8.66,634,MORTGAGE,EDUCATION,1
64,124457,18.4,21307,21.51,549,OWN,EDUCATION,0
49,112310,2.0,37982,10.71,839,OWN,PERSONAL,0
33,74813,15.6,20611,23.54,846,RENT,BUSINESS,1
32,67198,4.5,12950,24.4,633,RENT,EDUCATION,0
51,38820,22.1,11704,16.43,846,MORTGAGE,HOME_IMPROVEMENT,1
22,54070,15.4,12867,7.86,636,RENT,EDUCATION,0
55,99768,20.4,3745,12.49,744,RENT,PERSONAL,0
43,41122,1.3,4866,20.95,608,MORTGAGE,BUSINESS,1
37,110559,2.5,33245,12.35,812,OWN,PERSONAL,0
46,103543,21.5,6818,6.74,786,MORTGAGE,HOME_IMPROVEMENT,0
28,113441,2.2,31116,16.14,520,RENT,EDUCATION,1
49,71786,2.1,16493,21.9,589,MORTGAGE,EDUCATION,0
46,124934,0.4,29038,20.92,795,OWN,PERSONAL,1
30,129804,28.7,21447,8.5,611,MORTGAGE,PERSONAL,1
46,36737,22.1,31431,18.46,800,RENT,HOME_IMPROVEMENT,1
54,66062,10.6,18908,9.41,576,RENT,BUSINESS,0
61,84237,8.9,30336,9.36,676,MORTGAGE,HOME_IMPROVEMENT,0
27,81571,10.5,5025,22.48,842,OWN,BUSINESS,1
24,55510,23.2,21093,9.99,647,MORTGAGE,EDUCATION,0
31,49426,19.8,7155,10.26,600,OWN,BUSINESS,0
49,67265,5.6,34487,5.01,745,OWN,BUSINESS,0
56,47850,5.2,21963,22.41,616,MORTGAGE,EDUCATION,0
45,148249,3.0,21936,20.85,591,OWN,EDUCATION,1
41,96150,19.8,5426,17.55,527,RENT,EDUCATION,1
56,117312,22.9,24303,20.01,524,MORTGAGE,HOME_IMPROVEMENT,0
30,119613,8.0,28606,8.04,557,OWN,EDUCATION,0
57,104910,0.6,29151,14.17,796,RENT,PERSONAL,1
29,82375,2.5,14767,12.02,633,MORTGAGE,EDUCATION,0
44,65435,29.0,12308,6.88,830,RENT,EDUCATION,1
55,126443,8.9,25770,14.72,748,RENT,EDUCATION,0
55,87132,23.1,29572,23.41,537,RENT,BUSINESS,0
56,108945,18.7,3204,5.8,574,OWN,HOME_IMPROVEMENT,0
38,112050,11.5,28233,10.83,641,MORTGAGE,EDUCATION,1
59,125402,6.2,22729,9.15,821,MORTGAGE,HOME_IMPROVEMENT,0
52,32983,3.6,32131,9.76,667,OWN,PERSONAL,0
44,127241,18.5,34870,23.17,758,MORTGAGE,PERSONAL,0
43,50662,23.2,39011,14.36,724,RENT,EDUCATION,1
52,53510,19.3,22607,14.33,651,MORTGAGE,PERSONAL,1
57,108187,15.9,25968,20.21,518,OWN,HOME_IMPROVEMENT,0
32,70998,1.3,34398,8.09,645,RENT,BUSINESS,0
33,86846,29.1,12908,14.75,740,OWN,EDUCATION,0
43,124071,24.0,27423,13.6,843,RENT,PERSONAL,0
45,36640,8.8,10171,16.94,736,RENT,HOME_IMPROVEMENT,0
55,74547,29.4,13721,24.99,534,MORTGAGE,HOME_IMPROVEMENT,0
61,84620,18.1,17616,20.39,689,RENT,PERSONAL,0
50,45317,17.5,39458,12.96,500,OWN,HOME_IMPROVEMENT,0
37,145608,22.4,8659,21.55,652,MORTGAGE,HOME_IMPROVEMENT,0
40,37564,24.4,12704,8.41,625,OWN,EDUCATION,1
45,57345,19.7,33793,5.61,844,RENT,HOME_IMPROVEMENT,0
42,143824,3.8,32226,9.09,725,OWN,PERSONAL,0
33,124223,10.1,24852,11.81,720,OWN,EDUCATION,0
39,109273,27.8,33082,15.21,710,RENT,PERSONAL,0
56,104859,6.7,23794,17.3,524,MORTGAGE,BUSINESS,0
32,110765,11.2,14379,23.21,515,OWN,PERSONAL,1
61,140017,13.0,8006,15.2,681,RENT,PERSONAL,0
39,104038,13.2,9682,15.03,828,MORTGAGE,EDUCATION,0
32,82393,18.4,34840,6.0,628,MORTGAGE,HOME_IMPROVEMENT,0
29,96081,28.3,33430,5.7,541,MORTGAGE,PERSONAL,1
27,132650,7.2,24091,16.02,835,OWN,EDUCATION,0
48,59430,3.6,33983,13.76,735,OWN,BUSINESS,0
34,105532,5.9,24989,21.78,533,OWN,EDUCATION,0
51,57788,26.6,10915,8.21,844,MORTGAGE,EDUCATION,0
39,125505,19.4,19990,5.5,544,OWN,HOME_IMPROVEMENT,1
36,78543,8.6,25734,13.98,633,RENT,PERSONAL,1
25,43919,24.5,15824,9.75,520,OWN,BUSINESS,0
55,99346,25.8,37081,5.99,621,OWN,EDUCATION,0
32,126122,25.4,12033,19.49,569,MORTGAGE,PERSONAL,1
45,69974,27.6,17241,7.23,547,OWN,PERSONAL,0
41,137309,7.6,6939,17.17,538,RENT,EDUCATION,0
56,46371,22.7,36063,10.62,786,MORTGAGE,PERSONAL,1
43,75084,13.8,35464,8.47,509,RENT,EDUCATION,1
36,59629,25.3,12185,12.6,529,MORTGAGE,EDUCATION,0
59,81184,21.9,28045,21.03,743,MORTGAGE,EDUCATION,0
62,91916,23.3,20167,12.84,773,OWN,BUSINESS,0
59,103972,19.7,37412,20.02,587,RENT,EDUCATION,1
34,92187,5.3,22625,7.51,743,MORTGAGE,HOME_IMPROVEMENT,0
51,42984,16.4,28076,20.46,828,OWN,PERSONAL,0
25,63039,29.5,20029,9.74,514,MORTGAGE,BUSINESS,0
55,115431,28.1,23973,18.55,503,MORTGAGE,PERSONAL,0
43,113691,1.3,32433,16.32,690,MORTGAGE,BUSINESS,0
49,88606,4.9,2932,23.58,667,MORTGAGE,HOME_IMPROVEMENT,0
63,40616,4.0,2757,12.75,508,MORTGAGE,BUSINESS,0
31,132665,21.8,31722,6.32,608,MORTGAGE,BUSINESS,0
38,135373,24.5,38853,5.38,636,OWN,BUSINESS,1
32,80072,6.4,39405,21.54,653,MORTGAGE,PERSONAL,0
29,54574,15.2,2116,15.49,708,RENT,EDUCATION,1
30,33430,25.2,12691,20.5,771,OWN,PERSONAL,1
64,149123,22.0,1492,9.69,642,RENT,EDUCATION,0
37,42676,16.3,28882,11.9,598,MORTGAGE,PERSONAL,0
58,40816,17.7,9811,5.6,807,RENT,HOME_IMPROVEMENT,1
27,62733,15.3,28808,24.23,568,MORTGAGE,HOME_IMPROVEMENT,0
33,115680,8.9,25272,18.36,746,MORTGAGE,BUSINESS,0
60,32050,17.0,29399,23.66,760,OWN,HOME_IMPROVEMENT,0
62,139996,20.7,7474,10.31,775,OWN,BUSINESS,0
29,63933,26.2,27956,17.23,578,MORTGAGE,EDUCATION,1
47,54951,19.1,14979,18.57,645,OWN,HOME_IMPROVEMENT,1
22,62413,22.8,29328,11.35,610,RENT,EDUCATION,1
25,64801,4.8,13867,21.96,757,OWN,PERSONAL,0
49,85619,13.8,26851,23.94,592,OWN,EDUCATION,0
57,62913,0.3,32279,22.7,512,RENT,PERSONAL,0
58,142573,7.4,31527,19.78,759,OWN,EDUCATION,0
39,149076,21.8,8866,10.55,608,MORTGAGE,EDUCATION,0
28,70600,29.8,16449,10.63,829,RENT,HOME_IMPROVEMENT,0
21,87775,3.0,11685,24.27,688,MORTGAGE,EDUCATION,0
42,120816,12.0,24544,5.21,594,RENT,HOME_IMPROVEMENT,0
37,120093,24.0,6451,19.32,604,MORTGAGE,HOME_IMPROVEMENT,0
27,142590,6.1,22642,19.12,507,MORTGAGE,BUSINESS,0
45,65400,16.7,39870,17.45,566,OWN,BUSINESS,0
24,34494,22.0,32030,24.8,690,MORTGAGE,PERSONAL,0
56,110688,18.5,31873,11.24,755,OWN,EDUCATION,0
26,119431,5.6,1619,11.8,508,RENT,PERSONAL,1
51,104691,10.7,34650,6.58,616,MORTGAGE,EDUCATION,1
39,127419,23.5,26372,13.86,766,MORTGAGE,BUSINESS,1
64,138730,16.6,4642,10.22,598,RENT,BUSINESS,0
59,73001,0.2,29001,11.87,797,RENT,EDUCATION,0
47,97364,22.8,35064,21.69,663,MORTGAGE,EDUCATION,0
30,75028,1.1,30290,23.71,640,RENT,BUSINESS,1
46,137434,22.4,15122,8.71,767,OWN,BUSINESS,0
39,127659,6.1,25820,12.45,536,RENT,PERSONAL,1
59,67573,28.7,3895,23.57,573,RENT,BUSINESS,0
23,30806,11.0,6366,6.24,572,MORTGAGE,EDUCATION,1
33,86638,9.8,9711,6.85,807,OWN,PERSONAL,1
48,136506,4.5,20596,8.26,698,RENT,EDUCATION,0
40,59757,9.2,19793,16.9,629,OWN,HOME_IMPROVEMENT,0
48,64636,26.3,9199,8.01,745,OWN,PERSONAL,0
28,110097,29.9,11717,24.36,811,OWN,EDUCATION,0
61,78280,11.0,37191,13.93,559,MORTGAGE,BUSINESS,0
59,54262,13.5,11211,15.03,778,RENT,HOME_IMPROVEMENT,0
21,110435,21.7,24360,9.93,602,MORTGAGE,EDUCATION,0
23,92211,26.6,22542,14.42,795,RENT,PERSONAL,0
33,84842,17.8,32312,18.24,819,RENT,EDUCATION,0
48,86979,11.7,37435,20.02,840,MORTGAGE,HOME_IMPROVEMENT,0
45,144524,12.4,29247,20.08,650,OWN,PERSONAL,0
53,111470,20.9,23357,16.56,656,OWN,HOME_IMPROVEMENT,0
58,68197,0.1,28691,23.09,705,RENT,EDUCATION,1
26,71844,18.6,13424,21.35,678,MORTGAGE,BUSINESS,0
64,94754,10.7,19852,20.14,696,OWN,BUSINESS,1
52,131868,23.8,23601,6.11,722,OWN,EDUCATION,0
41,64157,2.8,19020,5.14,588,RENT,EDUCATION,0
36,107129,17.6,9155,9.25,786,RENT,EDUCATION,0
41,70042,14.4,4583,18.27,775,MORTGAGE,PERSONAL,0
31,91665,19.3,16515,13.22,735,RENT,HOME_IMPROVEMENT,0
57,145512,1.9,37777,13.05,682,OWN,HOME_IMPROVEMENT,0
56,146953,17.4,20710,22.69,708,OWN,HOME_IMPROVEMENT,0
55,112856,16.8,25532,22.91,629,OWN,EDUCATION,0
39,57376,16.8,19601,23.18,652,OWN,HOME_IMPROVEMENT,0
40,139049,18.1,5967,11.28,512,MORTGAGE,EDUCATION,1
38,85554,20.3,19753,18.82,621,MORTGAGE,PERSONAL,0
61,44199,24.1,21022,10.43,719,RENT,BUSINESS,0
34,148533,8.1,10135,8.81,605,RENT,EDUCATION,1
35,111412,24.8,6722,8.69,569,RENT,EDUCATION,0
51,80948,14.9,28413,11.84,694,MORTGAGE,BUSINESS,1
21,103781,2.3,28236,13.6,685,OWN,BUSINESS,0
23,102750,1.8,16514,21.62,598,RENT,PERSONAL,0
36,96262,10.0,38212,7.4,581,OWN,HOME_IMPROVEMENT,1
43,147424,23.5,21331,19.7,574,RENT,EDUCATION,0
31,76600,21.2,19060,15.63,839,RENT,HOME_IMPROVEMENT,1
32,106898,23.7,2196,10.76,691,RENT,EDUCATION,0
30,92483,15.5,13297,14.86,824,RENT,PERSONAL,0
52,48297,13.2,3787,11.0,713,RENT,BUSINESS,1
36,60448,4.4,24816,16.92,814,OWN,PERSONAL,0
28,56172,9.8,20702,13.68,817,RENT,BUSINESS,1
58,72874,13.0,26242,8.29,643,OWN,HOME_IMPROVEMENT,0
32,37657,2.7,3176,7.33,715,MORTGAGE,HOME_IMPROVEMENT,0
44,114386,6.6,21127,15.93,823,RENT,PERSONAL,0
48,55425,17.9,28228,23.05,514,OWN,BUSINESS,1
28,56685,22.1,21208,11.88,716,MORTGAGE,PERSONAL,0
48,142855,30.0,29482,19.66,534,MORTGAGE,BUSINESS,0
56,54578,28.0,10171,18.17,682,MORTGAGE,BUSINESS,1
46,58831,19.3,36219,23.63,769,OWN,HOME_IMPROVEMENT,1
28,37906,12.6,34396,21.42,599,RENT,HOME_IMPROVEMENT,0
48,91413,19.1,4696,16.33,506,RENT,BUSINESS,0
48,84028,23.6,21058,18.14,529,OWN,BUSINESS,0
57,37287,3.6,21313,22.97,804,RENT,BUSINESS,0
61,63660,12.3,20149,12.99,643,OWN,HOME_IMPROVEMENT,0
56,105758,25.2,5956,11.54,610,RENT,HOME_IMPROVEMENT,0
47,90504,11.5,11195,5.22,731,MORTGAGE,EDUCATION,0
37,89720,17.2,18076,21.53,678,RENT,BUSINESS,1
29,132979,17.6,2105,21.02,571,OWN,EDUCATION,1
53,64701,5.5,16417,7.09,709,OWN,BUSINESS,0
40,113300,10.9,25729,16.54,719,MORTGAGE,HOME_IMPROVEMENT,0
33,140177,10.0,31099,14.28,579,OWN,EDUCATION,0
48,47674,0.8,33598,7.37,582,RENT,EDUCATION,0
49,113560,0.7,30961,24.61,541,RENT,PERSONAL,1
33,141543,25.0,13602,9.29,772,MORTGAGE,BUSINESS,0
55,53874,8.2,10256,6.34,690,OWN,HOME_IMPROVEMENT,0
26,73642,15.5,21584,16.9,672,MORTGAGE,PERSONAL,0
38,127820,9.0,35681,19.78,506,RENT,PERSONAL,0
25,95160,28.2,26792,5.65,654,MORTGAGE,BUSINESS,0
45,47602,7.8,22904,18.17,509,OWN,PERSONAL,0
22,133320,12.9,35540,15.65,533,MORTGAGE,BUSINESS,0
30,118801,26.2,27536,7.07,535,OWN,PERSONAL,0
50,55931,25.3,20164,8.45,505,OWN,BUSINESS,1
25,124377,5.6,13996,16.36,714,RENT,HOME_IMPROVEMENT,1
53,59192,24.1,3871,10.93,633,RENT,BUSINESS,0
21,76542,13.7,23626,23.77,784,RENT,BUSINESS,0
38,72520,14.5,11521,21.37,625,OWN,EDUCATION,0
52,94772,4.0,2132,24.67,836,MORTGAGE,HOME_IMPROVEMENT,0
31,88762,2.4,34467,10.19,673,OWN,HOME_IMPROVEMENT,0
41,80106,21.8,15534,24.39,651,RENT,HOME_IMPROVEMENT,0
46,111121,14.9,24854,13.62,830,RENT,PERSONAL,0
45,55559,13.1,8812,11.95,525,MORTGAGE,EDUCATION,0
42,135595,21.9,5557,6.01,614,RENT,HOME_IMPROVEMENT,0
47,63742,23.0,3179,6.06,783,RENT,PERSONAL,0
33,99669,4.8,10065,18.84,574,RENT,PERSONAL,1
53,110199,18.3,9275,14.16,665,MORTGAGE,PERSONAL,0
54,51754,4.1,36948,9.53,688,OWN,EDUCATION,0
61,33972,22.5,21700,17.28,577,RENT,PERSONAL,0
55,100831,19.7,28794,10.06,589,MORTGAGE,EDUCATION,1
21,142217,28.7,29783,16.55,675,RENT,BUSINESS,1
41,71873,2.1,17998,12.18,520,MORTGAGE,PERSONAL,1
26,124661,1.7,14869,21.47,553,RENT,HOME_IMPROVEMENT,0
48,136532,8.5,29152,21.41,683,MORTGAGE,PERSONAL,0
37,39903,7.9,21954,14.55,721,RENT,BUSINESS,1
25,33020,7.4,32555,12.02,814,OWN,BUSINESS,0
51,71755,27.2,17654,12.25,827,RENT,PERSONAL,0
25,115956,7.5,36236,21.11,678,MORTGAGE,BUSINESS,1
58,116988,8.2,16042,11.56,775,RENT,EDUCATION,0
23,75648,22.8,26966,9.18,611,OWN,EDUCATION,0
43,133537,13.5,15270,6.69,723,RENT,PERSONAL,0
57,39516,23.3,31908,14.33,713,MORTGAGE,EDUCATION,0
57,142863,2.0,16523,14.64,558,MORTGAGE,EDUCATION,0
30,145005,14.6,20991,21.82,826,OWN,HOME_IMPROVEMENT,0
30,32396,1.0,11775,9.42,608,MORTGAGE,PERSONAL,1
39,114082,1.9,13265,12.62,656,RENT,BUSINESS,0
37,49129,27.2,20459,21.17,690,RENT,PERSONAL,1
41,31591,4.2,17673,21.47,699,RENT,EDUCATION,0
34,41303,16.0,28056,12.69,811,MORTGAGE,HOME_IMPROVEMENT,0
29,60561,12.3,7614,14.18,695,RENT,PERSONAL,1
21,101719,10.4,37020,11.07,534,RENT,PERSONAL,1
33,148618,27.0,8415,23.65,745,RENT,EDUCATION,0
24,122108,0.7,24155,7.37,736,OWN,EDUCATION,1
21,129616,19.9,17964,23.67,603,MORTGAGE,PERSONAL,1
60,116231,28.9,38726,18.68,506,MORTGAGE,EDUCATION,1
52,37314,16.8,38044,15.63,782,MORTGAGE,EDUCATION,0
54,147071,28.1,38544,5.65,500,OWN,EDUCATION,1
48,49623,1.6,33252,14.51,718,MORTGAGE,EDUCATION,1
51,97675,12.6,4832,13.15,729,OWN,EDUCATION,1
28,142992,7.8,26275,8.22,671,OWN,HOME_IMPROVEMENT,0
59,126826,21.9,15901,18.13,586,MORTGAGE,EDUCATION,0
46,95082,29.4,39213,24.42,540,RENT,BUSINESS,0
54,113624,7.7,35148,16.24,622,RENT,PERSONAL,0
23,135228,19.6,23918,19.3,830,MORTGAGE,HOME_IMPROVEMENT,1
32,63130,5.9,20540,6.37,797,MORTGAGE,HOME_IMPROVEMENT,0
21,81756,17.0,12580,13.35,677,OWN,EDUCATION,0
64,127624,13.9,39402,7.33,562,MORTGAGE,PERSONAL,1
25,56292,29.2,39578,17.26,664,OWN,BUSINESS,0
50,141785,18.3,25917,23.77,686,MORTGAGE,EDUCATION,0
50,116206,10.5,23318,18.24,708,RENT,PERSONAL,0
37,99274,3.4,11179,6.54,726,RENT,EDUCATION,0
43,32469,4.5,13251,12.09,547,MORTGAGE,EDUCATION,0
35,83947,6.8,20493,16.01,723,OWN,EDUCATION,1
57,52534,7.5,21466,13.06,502,RENT,EDUCATION,0
41,93620,25.5,31206,21.67,674,OWN,EDUCATION,0
34,78874,16.8,20624,21.29,598,MORTGAGE,EDUCATION,0
22,79708,15.7,27564,17.24,615,MORTGAGE,EDUCATION,0
31,104553,3.4,23412,12.47,769,RENT,BUSINESS,0
59,98344,25.8,28990,10.11,752,MORTGAGE,HOME_IMPROVEMENT,0
58,79138,21.7,36517,7.12,816,RENT,BUSINESS,0
54,84302,2.0,14156,12.1,594,OWN,EDUCATION,1
58,77638,21.2,24064,13.26,772,RENT,EDUCATION,0
54,108249,16.3,26711,18.52,523,RENT,BUSINESS,0
38,135865,2.5,31106,18.16,615,OWN,BUSINESS,1
50,32719,13.7,17589,6.4,650,RENT,HOME_IMPROVEMENT,0
35,52890,14.5,24736,12.91,837,RENT,BUSINESS,0
47,107236,5.0,21975,8.64,549,MORTGAGE,HOME_IMPROVEMENT,0
54,66509,28.4,37218,8.14,705,OWN,EDUCATION,0
58,72534,25.5,8214,21.55,834,RENT,PERSONAL,0
53,132302,20.1,31581,5.84,578,OWN,PERSONAL,0
44,122241,13.9,21195,13.38,569,OWN,PERSONAL,0
35,48787,12.4,28127,8.36,526,RENT,PERSONAL,0
50,78845,19.5,6141,22.59,770,MORTGAGE,EDUCATION,0
62,87932,16.4,29884,16.14,549,OWN,PERSONAL,0
37,122124,1.9,25885,9.63,791,RENT,BUSINESS,1
25,121659,15.4,3708,15.05,746,OWN,BUSINESS,1
49,63062,24.2,19375,19.63,763,MORTGAGE,PERSONAL,1
24,105713,13.8,16088,24.16,578,MORTGAGE,BUSINESS,0
30,117263,1.6,11014,9.41,689,MORTGAGE,HOME_IMPROVEMENT,0
37,125756,23.6,4273,22.72,546,RENT,EDUCATION,0
30,90461,6.0,38306,23.69,688,RENT,PERSONAL,0
37,105418,7.8,31881,23.33,755,MORTGAGE,PERSONAL,0
40,96672,4.9,32486,17.71,721,RENT,EDUCATION,0
44,64832,9.9,13541,17.6,740,MORTGAGE,BUSINESS,0
25,61966,22.7,9712,13.06,768,RENT,EDUCATION,0
54,102545,15.6,10168,20.05,500,MORTGAGE,EDUCATION,1
26,42987,6.1,4551,15.63,533,OWN,BUSINESS,0
22,67311,26.3,13297,18.55,578,MORTGAGE,EDUCATION,0
33,61575,26.4,28128,13.57,735,MORTGAGE,BUSINESS,0
63,93852,26.1,3832,19.63,833,RENT,BUSINESS,0
63,31007,7.2,29483,21.49,848,RENT,EDUCATION,0
31,100981,13.5,23063,7.93,597,RENT,HOME_IMPROVEMENT,0
43,106242,29.5,23963,21.66,581,RENT,BUSINESS,0
36,77517,23.2,14422,15.81,691,RENT,EDUCATION,1
51,140022,0.8,33920,21.89,752,RENT,BUSINESS,1
31,59257,2.0,12156,13.63,537,OWN,HOME_IMPROVEMENT,1
36,117272,13.9,12108,12.58,513,MORTGAGE,HOME_IMPROVEMENT,1
28,72207,27.3,32845,23.3,846,MORTGAGE,PERSONAL,0
24,43281,16.2,3800,10.02,809,MORTGAGE,BUSINESS,0
60,91246,14.9,39078,21.88,708,OWN,BUSINESS,0
24,31435,3.2,3610,14.68,588,MORTGAGE,EDUCATION,0
45,128875,19.7,13067,15.28,555,OWN,BUSINESS,0
23,130686,24.7,34872,11.17,593,OWN,PERSONAL,1
52,121357,11.4,11728,16.46,592,OWN,HOME_IMPROVEMENT,0
23,56660,23.3,30566,11.5,839,MORTGAGE,HOME_IMPROVEMENT,0
47,35084,28.9,30783,5.79,584,OWN,PERSONAL,0
49,112197,6.1,21583,10.44,744,MORTGAGE,BUSINESS,1
52,43507,15.7,21238,5.13,521,MORTGAGE,BUSINESS,0
39,102595,8.6,8263,24.57,790,RENT,PERSONAL,1
41,113807,23.8,2914,24.31,771,RENT,EDUCATION,1
25,75539,17.3,24749,12.9,805,OWN,HOME_IMPROVEMENT,1
38,145953,19.0,20456,19.57,621,OWN,PERSONAL,1
48,37491,23.9,26582,11.92,627,MORTGAGE,PERSONAL,1
62,142831,11.9,1406,18.42,612,OWN,BUSINESS,0
42,80192,27.5,14689,21.11,772,OWN,HOME_IMPROVEMENT,0
41,110395,16.0,33934,23.94,835,MORTGAGE,BUSINESS,0
26,93888,4.7,34276,13.0,629,OWN,PERSONAL,0
21,103609,20.9,37432,20.67,631,OWN,EDUCATION,1
25,39077,23.8,20873,10.32,584,MORTGAGE,HOME_IMPROVEMENT,0
61,147440,9.5,14050,24.81,849,MORTGAGE,PERSONAL,1
32,50953,25.7,1680,5.52,580,RENT,PERSONAL,0
46,106919,27.2,19908,17.07,824,MORTGAGE,EDUCATION,0
54,144682,8.3,19504,18.19,568,RENT,PERSONAL,1
34,97889,29.5,22644,18.76,647,OWN,PERSONAL,0
46,53821,4.2,38125,7.41,515,MORTGAGE,HOME_IMPROVEMENT,0
47,67567,6.1,2363,23.77,806,MORTGAGE,HOME_IMPROVEMENT,0
29,145374,5.5,36060,8.62,604,MORTGAGE,HOME_IMPROVEMENT,0
46,54860,26.8,2538,17.46,664,OWN,BUSINESS,0
42,51195,19.6,37176,9.45,700,RENT,EDUCATION,0
50,107475,4.6,26675,11.14,696,OWN,HOME_IMPROVEMENT,0
63,120874,13.2,19287,15.93,684,OWN,BUSINESS,1
37,117266,18.5,1174,13.34,821,MORTGAGE,BUSINESS,1
46,51427,2.5,27732,8.2,764,RENT,EDUCATION,0
56,130732,26.5,35998,8.42,599,OWN,EDUCATION,0
21,57083,24.1,38055,13.36,841,MORTGAGE,PERSONAL,1
28,117046,15.2,13112,20.15,819,OWN,BUSINESS,0
55,87372,29.0,10689,22.96,713,OWN,HOME_IMPROVEMENT,0
35,74064,12.5,20555,6.68,777,MORTGAGE,EDUCATION,0
42,37813,29.5,34919,12.86,661,MORTGAGE,BUSINESS,1
34,61598,20.0,8619,7.0,656,RENT,HOME_IMPROVEMENT,0
46,142718,19.0,7033,5.33,750,OWN,BUSINESS,0
48,123106,5.0,5946,18.23,596,MORTGAGE,EDUCATION,0
43,57082,26.5,25618,17.05,517,MORTGAGE,PERSONAL,0
34,59241,12.8,35675,8.26,826,RENT,BUSINESS,0
44,126214,4.9,37258,9.68,596,RENT,HOME_IMPROVEMENT,0
22,74569,0.4,19919,5.47,500,MORTGAGE,EDUCATION,1
46,41745,16.8,5173,21.7,715,RENT,PERSONAL,1
34,56029,15.8,27400,24.49,631,MORTGAGE,HOME_IMPROVEMENT,0
27,43025,21.6,5769,7.71,759,OWN,HOME_IMPROVEMENT,0
23,131660,26.7,38564,9.63,624,RENT,HOME_IMPROVEMENT,0
43,44288,2.4,15211,22.37,581,OWN,BUSINESS,1
63,119186,21.9,24255,23.53,782,OWN,EDUCATION,1
38,36540,5.6,28962,13.39,670,OWN,HOME_IMPROVEMENT,0
58,127768,25.7,20356,6.01,558,MORTGAGE,BUSINESS,0
55,111958,24.6,21306,5.79,531,OWN,EDUCATION,1
35,98878,16.2,5997,16.48,660,OWN,EDUCATION,0
45,71846,21.3,18376,12.86,783,OWN,BUSINESS,0
57,131148,9.4,39055,5.57,605,MORTGAGE,BUSINESS,0
48,105932,14.1,11578,16.67,604,OWN,HOME_IMPROVEMENT,0
30,47482,24.6,19624,5.23,727,OWN,EDUCATION,0
59,53411,13.8,1389,20.75,687,RENT,PERSONAL,1
37,80975,10.7,34767,11.13,569,MORTGAGE,BUSINESS,0
59,90545,14.8,2855,5.81,817,OWN,EDUCATION,0
42,142302,24.8,14794,16.77,789,RENT,EDUCATION,0
46,108797,10.1,36531,12.95,586,MORTGAGE,HOME_IMPROVEMENT,0
64,82307,5.2,5986,24.48,555,MORTGAGE,PERSONAL,0
45,33093,21.4,33298,15.88,612,MORTGAGE,HOME_IMPROVEMENT,0
37,107258,24.8,2481,10.5,512,MORTGAGE,PERSONAL,1
33,52042,3.0,4731,19.19,517,MORTGAGE,PERSONAL,0
40,82930,7.2,17835,10.43,681,MORTGAGE,BUSINESS,0
45,147584,4.3,28798,23.08,612,OWN,EDUCATION,0
24,74413,10.4,27113,12.49,728,OWN,EDUCATION,0
30,143387,13.5,20477,16.0,670,OWN,EDUCATION,1
23,123623,22.5,18266,6.01,794,OWN,PERSONAL,0
61,127883,19.5,21792,13.52,688,RENT,EDUCATION,1
38,63756,18.6,21452,21.65,578,OWN,BUSINESS,0
56,83268,10.6,12889,21.11,645,MORTGAGE,PERSONAL,1
42,69214,25.2,25335,9.49,681,OWN,PERSONAL,0
54,111871,14.1,12254,9.52,785,OWN,PERSONAL,0
28,58602,29.4,22074,21.35,749,MORTGAGE,PERSONAL,0
60,83331,19.0,12442,23.61,813,OWN,BUSINESS,0
64,78901,3.8,38327,6.91,695,OWN,EDUCATION,1
39,129986,20.3,17199,14.0,822,OWN,BUSINESS,1
62,93416,9.8,8291,11.75,570,RENT,EDUCATION,0
61,62196,20.6,1112,22.41,747,OWN,BUSINESS,0
57,35626,2.1,22515,6.67,645,MORTGAGE,HOME_IMPROVEMENT,0
26,37424,5.2,20581,9.22,605,MORTGAGE,HOME_IMPROVEMENT,1
46,42857,25.7,27500,20.05,762,OWN,HOME_IMPROVEMENT,0
54,140459,6.8,33026,6.03,795,OWN,HOME_IMPROVEMENT,0
26,145621,25.1,17523,14.85,569,OWN,PERSONAL,0
57,49982,8.4,2424,13.84,692,MORTGAGE,PERSONAL,1
53,106961,19.3,20552,11.69,567,MORTGAGE,BUSINESS,0
42,31980,20.8,11808,12.89,804,RENT,BUSINESS,1
41,78290,15.4,39811,15.6,551,RENT,HOME_IMPROVEMENT,1
26,56431,9.2,7989,8.23,784,RENT,EDUCATION,0
26,114976,6.4,24620,16.44,833,MORTGAGE,HOME_IMPROVEMENT,0
24,137288,1.0,1887,21.11,508,RENT,BUSINESS,1
50,112711,9.1,32802,20.2,750,OWN,HOME_IMPROVEMENT,0
31,144187,19.6,20488,8.08,831,OWN,BUSINESS,1
50,56385,28.1,31013,7.98,797,MORTGAGE,HOME_IMPROVEMENT,0
51,68158,26.1,17402,10.36,683,RENT,EDUCATION,0
44,53019,23.0,22205,12.22,678,OWN,HOME_IMPROVEMENT,1
29,48639,23.7,27049,13.17,697,MORTGAGE,EDUCATION,0
23,115530,19.9,13253,18.59,627,RENT,EDUCATION,0
51,129911,7.8,19990,6.13,519,OWN,BUSINESS,1
60,51563,27.2,8846,5.69,827,RENT,EDUCATION,0
57,69341,20.1,26027,12.84,564,MORTGAGE,PERSONAL,0
56,145672,16.8,4765,18.94,681,RENT,PERSONAL,0
44,35776,3.3,16950,8.87,740,MORTGAGE,PERSONAL,1
51,66444,13.4,10741,17.83,523,RENT,BUSINESS,1
26,98916,13.8,23742,10.2,582,OWN,PERSONAL,0
22,38711,25.9,25703,22.72,818,MORTGAGE,BUSINESS,1
40,104318,16.4,39709,22.91,684,MORTGAGE,BUSINESS,1
48,112970,11.4,38623,10.95,815,MORTGAGE,PERSONAL,0
31,142301,29.3,23931,9.6,598,RENT,EDUCATION,0
24,115553,3.3,24580,13.23,561,RENT,HOME_IMPROVEMENT,0
35,60707,12.7,16166,9.81,785,OWN,BUSINESS,0
26,69110,1.3,30240,18.45,521,MORTGAGE,PERSONAL,1
50,91788,22.2,26991,21.52,711,MORTGAGE,BUSINESS,1
58,112879,27.5,39556,18.46,625,RENT,EDUCATION,0
22,68827,8.4,33969,21.49,541,RENT,EDUCATION,0
35,137188,25.8,11561,12.94,597,OWN,PERSONAL,0
31,35655,8.8,17901,8.13,530,OWN,BUSINESS,0
28,74859,27.3,31020,19.76,657,RENT,HOME_IMPROVEMENT,0
46,83625,22.6,26917,12.21,611,MORTGAGE,HOME_IMPROVEMENT,0
64,82098,24.1,2988,18.43,746,OWN,BUSINESS,0
25,45251,0.5,15256,10.41,621,RENT,BUSINESS,0
26,30526,28.9,23192,6.62,772,RENT,BUSINESS,1
46,98760,21.8,29230,24.85,793,MORTGAGE,PERSONAL,0
24,77837,9.1,23625,8.12,706,RENT,EDUCATION,0
39,41536,24.9,33088,24.77,609,RENT,HOME_IMPROVEMENT,0
40,58541,8.4,15114,24.55,777,OWN,PERSONAL,0
53,109083,26.2,39401,20.88,555,RENT,BUSINESS,0
40,81027,3.4,6755,18.19,556,RENT,BUSINESS,0
32,64531,21.1,11825,16.56,790,OWN,EDUCATION,1
21,38712,16.2,23693,22.32,613,MORTGAGE,BUSINESS,0
46,134101,2.9,5117,10.79,807,MORTGAGE,PERSONAL,1
34,95455,7.3,25729,14.35,840,OWN,PERSONAL,1
58,104744,0.4,33182,17.39,697,OWN,EDUCATION,1
57,35109,14.1,29890,13.22,820,MORTGAGE,PERSONAL,0
31,79268,9.0,30340,13.55,678,MORTGAGE,HOME_IMPROVEMENT,1
56,130737,18.0,2518,11.61,718,MORTGAGE,PERSONAL,0
33,84615,8.9,31949,16.28,776,MORTGAGE,PERSONAL,0
63,112503,9.0,23547,22.01,515,MORTGAGE,PERSONAL,1
23,59759,22.3,17346,9.03,560,OWN,HOME_IMPROVEMENT,0
53,115708,1.4,3600,23.69,553,RENT,BUSINESS,0
26,90112,27.1,30267,18.78,667,MORTGAGE,PERSONAL,0
30,132471,25.6,37322,21.47,525,MORTGAGE,EDUCATION,0
25,56589,20.0,27990,16.12,835,RENT,HOME_IMPROVEMENT,0
43,60015,17.8,17193,20.59,564,RENT,EDUCATION,0
30,59009,26.8,31109,5.32,599,RENT,PERSONAL,1
64,113309,5.6,20233,21.37,573,RENT,EDUCATION,1
22,92046,2.4,17194,5.8,691,RENT,PERSONAL,1
33,136661,7.2,35510,22.8,670,RENT,HOME_IMPROVEMENT,0
60,56143,23.8,2306,24.84,772,OWN,EDUCATION,0
22,36154,1.0,4849,10.88,686,RENT,EDUCATION,1
40,51804,17.5,13360,9.21,522,RENT,PERSONAL,1
21,71688,29.9,30231,20.31,680,OWN,PERSONAL,0
57,94288,25.7,37963,10.06,826,RENT,BUSINESS,0
29,81195,15.6,19689,22.31,607,MORTGAGE,PERSONAL,0
37,50581,1.9,30084,7.06,834,MORTGAGE,PERSONAL,0
29,82648,24.9,10280,7.52,661,RENT,BUSINESS,0
31,60087,18.0,3642,24.58,801,OWN,PERSONAL,1
35,79930,3.4,15296,18.48,705,MORTGAGE,PERSONAL,0
44,62981,2.8,16438,21.94,577,OWN,BUSINESS,0
58,99298,27.3,38525,11.49,515,MORTGAGE,HOME_IMPROVEMENT,0
55,76167,20.1,3994,18.53,826,RENT,HOME_IMPROVEMENT,0
50,105304,24.9,35039,16.88,595,OWN,PERSONAL,0
51,73408,26.4,2813,17.06,646,OWN,PERSONAL,0
25,69499,17.2,28491,18.65,501,OWN,BUSINESS,0
64,82269,15.5,19845,16.51,509,MORTGAGE,BUSINESS,1
34,68559,12.9,38164,13.58,624,MORTGAGE,HOME_IMPROVEMENT,0
31,144126,9.5,14318,10.52,580,MORTGAGE,EDUCATION,0
29,104319,13.0,18200,20.37,639,RENT,PERSONAL,0
54,141925,23.2,1082,9.53,825,MORTGAGE,EDUCATION,1
32,125317,18.1,2920,18.85,649,RENT,EDUCATION,0
55,126347,26.8,12683,9.67,787,OWN,BUSINESS,1
55,78787,13.3,12336,17.51,839,OWN,PERSONAL,0
21,65488,18.2,16596,19.94,628,RENT,PERSONAL,1
60,104441,18.9,3093,9.37,738,MORTGAGE,BUSINESS,1
42,104663,17.8,13905,6.2,557,RENT,EDUCATION,0
49,52431,21.1,25351,7.62,697,OWN,BUSINESS,0
28,91681,7.1,31981,17.12,710,OWN,HOME_IMPROVEMENT,0
31,93483,15.4,9367,21.99,544,RENT,PERSONAL,1
61,79153,3.1,6285,5.9,596,MORTGAGE,HOME_IMPROVEMENT,0
57,36368,11.5,38705,19.68,778,MORTGAGE,BUSINESS,0
34,57424,14.6,17753,11.83,522,RENT,PERSONAL,1
50,142360,19.6,19485,14.57,834,RENT,HOME_IMPROVEMENT,1
55,75004,28.5,13977,23.58,543,MORTGAGE,HOME_IMPROVEMENT,0
41,113869,18.0,20874,11.64,526,OWN,EDUCATION,0
57,118652,22.3,8674,14.31,781,RENT,PERSONAL,0
25,142755,15.2,30038,5.27,596,MORTGAGE,HOME_IMPROVEMENT,0
39,86985,19.0,30315,6.63,535,MORTGAGE,HOME_IMPROVEMENT,0
34,80069,2.1,4676,10.17,608,OWN,EDUCATION,0
46,82326,7.6,3426,5.56,554,OWN,HOME_IMPROVEMENT,0
24,138737,10.9,25473,17.63,691,OWN,HOME_IMPROVEMENT,1
45,111061,14.2,3962,13.53,718,OWN,HOME_IMPROVEMENT,0
62,53398,1.4,30943,15.96,684,OWN,EDUCATION,0
45,128393,4.2,1859,8.49,568,RENT,HOME_IMPROVEMENT,0
38,80861,8.3,5138,10.92,816,MORTGAGE,HOME_IMPROVEMENT,0
60,105897,29.1,36192,18.28,629,RENT,PERSONAL,0
28,111905,9.9,26640,24.31,554,RENT,PERSONAL,0
59,98577,14.5,11409,6.01,596,RENT,EDUCATION,1
60,95641,5.9,5017,22.81,835,RENT,BUSINESS,0
34,39078,18.3,11451,16.54,586,RENT,PERSONAL,0
52,55003,8.4,29327,16.28,793,OWN,EDUCATION,1
58,92768,6.2,11278,15.01,618,OWN,HOME_IMPROVEMENT,0
53,81047,15.5,25944,6.39,707,MORTGAGE,HOME_IMPROVEMENT,1
43,101626,0.2,2134,6.8,833,RENT,EDUCATION,0
35,87660,0.2,31131,17.02,653,MORTGAGE,HOME_IMPROVEMENT,1
53,134386,6.6,38887,11.82,534,OWN,HOME_IMPROVEMENT,0
45,79786,1.1,39462,23.35,578,OWN,BUSINESS,1
37,31925,3.2,23520,13.13,566,OWN,HOME_IMPROVEMENT,1
53,113976,10.2,22869,7.87,842,RENT,PERSONAL,0
22,135221,24.1,37932,19.29,533,RENT,HOME_IMPROVEMENT,0
34,147832,17.2,6039,10.87,596,OWN,EDUCATION,1
60,56015,15.4,22281,15.51,668,MORTGAGE,BUSINESS,0
60,63320,8.8,11442,18.96,668,MORTGAGE,HOME_IMPROVEMENT,0
